accuracy,f1_score,roc_auc
0.956140350877193,0.9382716049382716,0.9953703703703705
