accuracy,f1_score,roc_auc
0.9736842105263158,0.963855421686747,0.996031746031746
